,command,intent
0,на лодка катер вправо,move_ship_right
1,мы бултых направо налево,move_ship_right
2,на эскадра направо,move_ship_right
3,плыть мы поплыть направо,move_ship_right
4,я поплыть направо на судно,move_ship_right
5,корабль направо от шаг,move_ship_right
6,на мотор идти врубать восток,move_ship_right
7,на правый лодка,move_ship_right
8,на шлюпка право катер,move_ship_right
9,я грузиться направо,move_ship_right
10,посадка на корабль судно направо,move_ship_right
11,на правый борт борт,move_ship_right
12,я двигаться на направо корабль,move_ship_right
13,мы хороший пойти,move_ship_right
14,я судно направо пойти на корабль,move_ship_right
15,корабль идти я направо,move_ship_right
16,пойти направо я на корабль,move_ship_right
17,я бултых направо на корабль,move_ship_right
18,шаг шажок правый корабль,move_ship_right
19,плохой хороший рулевой,move_ship_right
20,правый палуба борт,move_ship_right
21,посадка на корабельный направо,move_ship_right
22,перемещаться корабль вправо,move_ship_right
23,корабль вправо клетка на,move_ship_right
24,вправо корабль двигаться,move_ship_right
25,я пойти направо,move_ship_right
26,по правый борт,move_ship_right
27,право рулевой,move_ship_right
28,плыть направо,move_ship_right
29,я судно двигаться вправо корабль,move_ship_right
30,направо корабль,move_ship_right
31,направо поплыть мы,move_ship_right
32,приплывать вправо,move_ship_right
33,шаг судно направо от корабль,move_ship_right
34,приплывать отплыть вправо,move_ship_right
35,фрегат направо,move_ship_right
36,отчаливать причаливать направо,move_ship_right
37,врубать мотор идти на гуачжеу,move_ship_right
38,хороший кормчий,move_ship_right
39,с корабль на право палуба,move_ship_right
40,отплыть приплывать вправо,move_ship_right
41,отправляться поехать направо,move_ship_right
42,поплыть мы правый,move_ship_right
43,подвинуть вправо корабль,move_ship_right
44,двигаться корабль вправо,move_ship_right
45,пойти врубать мотор идти на восток,move_ship_right
46,я корабль на поплыть направо,move_ship_right
47,с корабль палуба на право борт,move_ship_right
48,уходить вправо,move_ship_right
49,на борт правый борт,move_ship_right
50,повесть корабль вправо в правый сторона,move_ship_right
51,поплыть мы направо налево,move_ship_right
52,катер на правый лодка,move_ship_right
53,заводить мотор ехать мы на восток,move_ship_right
54,причаливать направо,move_ship_right
55,катер на лодка вправо,move_ship_right
56,судно корабль направо,move_ship_right
57,я на поплыть корабль направо,move_ship_right
58,идти я направо,move_ship_right
59,направо корабль на,move_ship_right
60,я направо идти корабль,move_ship_right
61,я поплыть направо на плыть корабль,move_ship_right
62,я поплыть на плыть корабль направо,move_ship_right
63,я направо пойти корабль на,move_ship_right
64,я перемещаться вправо корабль,move_ship_right
65,я направо побрести на корабль,move_ship_right
66,я бултых на корабль направо,move_ship_right
67,я двигаться на корабль направо,move_ship_right
68,право руль,move_ship_right
69,плыть вправо,move_ship_right
70,мы поплыть направо налево,move_ship_right
71,корабль клеточный вправо на клетка,move_ship_right
72,я судно поплыть направо на корабль,move_ship_right
73,на катер правый лодка,move_ship_right
74,правый трап,move_ship_right
75,право штурвал,move_ship_right
76,судно повернуть корабль направо,move_ship_right
77,завязывать мотор мы ехать на восток,move_ship_right
78,двигатель заводить мотор мы ехать на восток,move_ship_right
79,шлюпка направо,move_ship_right
80,вправо отплывать,move_ship_right
81,поплыть мы направо,move_ship_right
82,корабль вправо на судно клетка,move_ship_right
83,шаг направо от корабль,move_ship_right
84,врубать запад мотор идти на восток,move_ship_right
85,я идти направо пойти корабль,move_ship_right
86,ползти корабль вправо,move_ship_right
87,заводить мотор мы ехать поехать на восток,move_ship_right
88,съездить направо,move_ship_right
89,сторона корабль в правый повесть,move_ship_right
90,судно шаг направо от корабль,move_ship_right
91,шажок шаг правый корабль,move_ship_right
92,с корабль на право трап,move_ship_right
93,я выплывать направо на корабль,move_ship_right
94,щелкнутьтумблер мотор идти на восток,move_ship_right
95,палуба правый борт,move_ship_right
96,подвинуть фрегат вправо,move_ship_right
97,посадка предпосадочный на корабль направо,move_ship_right
98,на двигаться я корабль направо,move_ship_right
99,уплыть вправо,move_ship_right
100,направо отправляться,move_ship_right
101,врубать мотор идти на музона восток,move_ship_right
102,мы отплывать направо,move_ship_right
103,судно на корабль направо,move_ship_right
104,на право фальшборт,move_ship_right
105,на корабль судно направо,move_ship_right
106,уноситься вправо,move_ship_right
107,на правый плоскодонка,move_ship_right
108,лодка на вправо,move_ship_right
109,корабль вправо на эмбриональныйстволовый,move_ship_right
110,пойти мы хороший,move_ship_right
111,мы поплыть плыть направо налево,move_ship_right
112,я корабль направо идти,move_ship_right
113,уплыть плыть вправо,move_ship_right
114,врубать идти мотор на восток,move_ship_right
115,правый рулевой рулевой,move_ship_right
116,по правый штормтрап,move_ship_right
117,направо пляж,move_ship_right
118,я поплыть направо на корабль,move_ship_right
119,двигаться вправо корабль,move_ship_right
120,по правый палуба,move_ship_right
121,палуба с корабль на право борт,move_ship_right
122,направо поплыть мы налево,move_ship_right
123,я причал направо,move_ship_right
124,мы плыть поплыть правый,move_ship_right
125,право румпель,move_ship_right
126,я направо пойти на корабль,move_ship_right
127,на право катер,move_ship_right
128,шаг корабль от направо,move_ship_right
129,поэма корабль в правый сторона,move_ship_right
130,я продвигаться на корабль направо,move_ship_right
131,с корабль по правый борт,move_ship_right
132,я двигаться вправо корабль,move_ship_right
133,хороший рулевой рулевой,move_ship_right
134,я причаливать отчалить направо,move_ship_right
135,я вправо двигаться корабль,move_ship_right
136,катер право на,move_ship_right
137,по борт правый,move_ship_right
138,поехать отправляться направо,move_ship_right
139,причаливать отчаливать направо,move_ship_right
140,мы угребаться направо налево,move_ship_right
141,корабль повернуть направо,move_ship_right
142,корабль направо пойти на я,move_ship_right
143,повесть корабль правый в сторона,move_ship_right
144,повернуть эскадра направо,move_ship_right
145,поплыть я направо на корабль,move_ship_right
146,на корабль направо,move_ship_right
147,мы плыть направо налево,move_ship_right
148,мы плыть поплыть направо,move_ship_right
149,мы поплыть плыть правый,move_ship_right
150,уплывать направо,move_ship_right
151,на катер вправо,move_ship_right
152,отплывать приплывать вправо,move_ship_right
153,направо корабль я на двигаться,move_ship_right
154,повести корабль в правый сторона,move_ship_right
155,рулевой правый рулевой,move_ship_right
156,мы поплыть направо,move_ship_right
157,корвет по правый борт к клетка,move_ship_right
158,рулевой правый,move_ship_right
159,я поплыть на судно направо,move_ship_right
160,пляжный пляж направо,move_ship_right
161,корабль вправо клеточный на клетка,move_ship_right
162,на низкобортный я направо двигаться,move_ship_right
163,эскадра направо,move_ship_right
164,шажок шаг направо от корабль,move_ship_right
165,повесть правый в корабль сторона,move_ship_right
166,шаг направо от фрегат,move_ship_right
167,поплыть плыть направо,move_ship_right
168,я закачаться на корабль направо,move_ship_right
169,корабль направо,move_ship_right
170,корабль на клетка клеточный вправо,move_ship_right
171,мы поехать хороший,move_ship_right
172,мы поплыть правый,move_ship_right
173,клетка вправо на корабль,move_ship_right
174,с корабль на борт право,move_ship_right
175,правый штормтрап,move_ship_right
176,палуба на борт правый борт,move_ship_right
177,правый рулевой,move_ship_right
178,правый борт,move_ship_right
179,по корабль с правый борт,move_ship_right
180,вправо отплыть,move_ship_right
181,заводить мотор мы ехать на восток,move_ship_right
182,я направо идти,move_ship_right
183,восток мотор мы ехать на заводить,move_ship_right
184,я пойти идти направо,move_ship_right
185,я брести направо корабль,move_ship_right
186,я плыть поплыть направо на корабль,move_ship_right
187,правый на лодка,move_ship_right
188,на борт право,move_ship_right
189,мы бултых направо,move_ship_right
190,вправо корабль подвинуть,move_ship_right
191,судно я двигаться на корабль направо,move_ship_right
192,на борт палуба правый борт,move_ship_right
193,посадка на эскадра направо,move_ship_right
194,приплывать направо,move_ship_right
195,я направо двинуться на корабль,move_ship_right
196,качаться направо,move_ship_right
197,с судно корабль на право борт,move_ship_right
198,врубать мотор идти на восток,move_ship_right
199,я брести направо,move_ship_right
200,палуба по правый борт,move_ship_right
201,судно на корабль я направо двигаться,move_ship_right
202,шажочек правый корабль,move_ship_right
203,придвигать подвинуть корабль вправо,move_ship_right
204,с корабль борт правый по,move_ship_right
205,отплывать направо,move_ship_right
206,двигаться корабль я направо на,move_ship_right
207,я направо пойти на низкобортный,move_ship_right
208,повесть корабль судно в правый сторона,move_ship_right
209,мы пойти плохой хороший,move_ship_right
210,на корабль я направо перемещаться,move_ship_right
211,я двигаться на корабль судно направо,move_ship_right
212,загорать направо,move_ship_right
213,на правый ялик,move_ship_right
214,я поплыть на корабль плыть направо,move_ship_right
215,мы уплывать правый,move_ship_right
216,шлюпка вправо на клетка,move_ship_right
217,на направо я корабль двигаться,move_ship_right
218,шхуна направо,move_ship_right
219,мы идти пойти хороший,move_ship_right
220,на баркас вправо,move_ship_right
221,судно направо,move_ship_right
222,судно с корабль по правый борт,move_ship_right
223,я двигаться передвигаться вправо корабль,move_ship_right
224,корабль судно направо,move_ship_right
225,я направо отчалить,move_ship_right
226,я идти направо,move_ship_right
227,заводить мотор мы на ехать восток,move_ship_right
228,поплыть плыть вправо,move_ship_right
229,вправо плыть,move_ship_right
230,корабль правый по борт к клетка,move_ship_right
231,на судно направо,move_ship_right
232,шаг правый корабельный,move_ship_right
233,прекрасный рулевой,move_ship_right
234,я идти корабль направо,move_ship_right
235,с крейсер по правый борт,move_ship_right
236,я отплывать направо,move_ship_right
237,право рулевой руль,move_ship_right
238,с корабль по правый катер,move_ship_right
239,пришвартовываться направо,move_ship_right
240,с право на корабль борт,move_ship_right
241,правый шаг корабль,move_ship_right
242,с корвет на право борт,move_ship_right
243,заведать мотор мы ехать на восток,move_ship_right
244,корабль на фибробласт вправо,move_ship_right
245,я неподвижный вправо корабль,move_ship_right
246,на борт правый боканец,move_ship_right
247,пойти я идти корабль направо,move_ship_right
248,отодвигаться корабль вправо,move_ship_right
249,корабль на судно клетка вправо,move_ship_right
250,на лодка вправо,move_ship_right
251,повернуть судно корабль направо,move_ship_right
252,я поплыть направо корабль на,move_ship_right
253,причаливать вправо,move_ship_right
254,лететь вправо,move_ship_right
255,я двигаться корабль вправо,move_ship_right
256,направо корабль повернуть,move_ship_right
257,пляжик направо,move_ship_right
258,на четырехвесельный вправо,move_ship_right
259,на борт правый шлюпка,move_ship_right
260,повесть вправо корабль в правый сторона,move_ship_right
261,от направо шаг корабль,move_ship_right
262,уплывать вправо,move_ship_right
263,хороший рулевой,move_ship_right
264,на корабль с право борт,move_ship_right
265,посадка направо корабль на,move_ship_right
266,полушаг направо от корабль,move_ship_right
267,подвинуть судно корабль вправо,move_ship_right
268,я ехать направо,move_ship_right
269,направо на корабль посадка,move_ship_right
270,на корабль я направо подвигаться,move_ship_right
271,баркас вправо,move_ship_right
272,мы пойти идти хороший,move_ship_right
273,правый по борт,move_ship_right
274,обзаводиться мотор мы ехать на восток,move_ship_right
275,повёртываться повернуть корабль направо,move_ship_right
276,мы пойти хороший,move_ship_right
277,я двигаться на бриг направо,move_ship_right
278,шаг правый корабль,move_ship_right
279,рулевой право руль,move_ship_right
280,на право буксир,move_ship_right
281,направо отчаливать,move_ship_right
282,мы уходить хороший,move_ship_right
283,отчаливать направо,move_ship_right
284,корабль по правый боканец к клетка,move_ship_right
285,правый гребец,move_ship_right
286,саввагрудцын корабль в правый сторона,move_ship_right
287,корабль на клетка вправо,move_ship_right
288,плыть поплыть направо,move_ship_right
289,на право баркас,move_ship_right
290,на бриг направо,move_ship_right
291,приплывать отплывать вправо,move_ship_right
292,отправляться направо,move_ship_right
293,корабль клетка на вправо,move_ship_right
294,крейсер направо,move_ship_right
295,я идти шлюпка направо,move_ship_right
296,отплывать вправо,move_ship_right
297,плыть мы поплыть правый,move_ship_right
298,врубать карбюратор идти на восток,move_ship_right
299,заводить мотор мы запад ехать на восток,move_ship_right
300,я корабль вправо двигаться,move_ship_right
301,с корабль по судно правый борт,move_ship_right
302,палуба корабль по правый борт к клетка,move_ship_right
303,палуба с корабль по правый борт,move_ship_right
304,мы плыть направо,move_ship_right
305,поплыть вправо,move_ship_right
306,корабль по палуба правый борт к клетка,move_ship_right
307,плыть поплыть вправо,move_ship_right
308,клетка на корабль вправо,move_ship_right
309,на мотор мы ехать заводить восток,move_ship_right
310,шлюпка на право катер,move_ship_right
311,корабль двигаться вправо,move_ship_right
312,борт правый,move_ship_right
313,я двигаться вправо шлюпка,move_ship_right
314,отплыть вправо,move_ship_right
315,по правый корм,move_ship_right
316,двигаться корабль передвигаться вправо,move_ship_right
317,мы пойти сносный,move_ship_right
318,корабль на клеточный клетка вправо,move_ship_right
319,подвинуть корабль вправо,move_ship_right
320,заводить мотор мы восток на ехать,move_ship_right
321,корабль по правый борт к клетка,move_ship_right
322,приземляться на корабль направо,move_ship_right
323,катер направо,move_ship_right
324,направо плыть,move_ship_right
325,на борт борт правый,move_ship_right
326,на посадка корабль направо,move_ship_right
327,мы плыть поплыть направо налево,move_ship_right
328,рулевой хороший,move_ship_right
329,на лодка правый,move_ship_right
330,плыть уплыть вправо,move_ship_right
331,на право борт,move_ship_right
332,корабль вправо на клетка,move_ship_right
333,я идти корвет направо,move_ship_right
334,пляж пляжный направо,move_ship_right
335,борт право на,move_ship_right
336,корабль по правый борт к ,move_ship_right
337,повесть корвет в правый сторона,move_ship_right
338,заводить бензиновый мы ехать на восток,move_ship_right
339,шаг корабль правый,move_ship_right
340,пойти я идти направо корабль,move_ship_right
341,руль право,move_ship_right
342,я двинуться направо корабль,move_ship_right
343,на передвигаться корабль я направо двигаться,move_ship_right
344,я идти судно направо,move_ship_right
345,палуба на право борт,move_ship_right
346,корабль на направо,move_ship_right
347,причаливать я отчалить направо,move_ship_right
348,отчалить я направо,move_ship_right
349,круто корабль направо,move_ship_right
350,правый кормчий,move_ship_right
351,направо поплыть на корабль я,move_ship_right
352,бриг направо,move_ship_right
353,я идти пойти направо,move_ship_right
354,заводить ехать мы мотор на восток,move_ship_right
355,с корабль по правый шлюпка,move_ship_right
356,поворот правый корабль,move_ship_right
357,вправо уплыть,move_ship_right
358,я поплыть на корабль направо,move_ship_right
359,на право шлюпка,move_ship_right
360,на палуба право борт,move_ship_right
361,на корабль я направо двигаться,move_ship_right
362,мы отплывать правый,move_ship_right
363,я отчалить направо,move_ship_right
364,повернуть корабельный направо,move_ship_right
365,право педальакселератор,move_ship_right
366,корвет направо,move_ship_right
367,повернуть корабль направо,move_ship_right
368,направо судно,move_ship_right
369,на правый баркас,move_ship_right
370,мы выплывать правый,move_ship_right
371,корабль по к борт правый клетка,move_ship_right
372,пляж направо,move_ship_right
373,я судно двигаться на корабль направо,move_ship_right
374,пододвигать корабль вправо,move_ship_right
375,правый вахтенный,move_ship_right
376,шаг направо от шлюпка,move_ship_right
377,заводить мотор мы двигатель ехать на восток,move_ship_right
378,уносить вправо,move_ship_right
379,с корабль на право борт,move_ship_right
380,пойти я идти направо,move_ship_right
381,посадка на корабль направо,move_ship_right
382,заводить мотор мы ехать на двигатель восток,move_ship_right
383,правый борт на борт,move_ship_right
384,я идти направо корабль,move_ship_right
385,судно двигаться корабль вправо,move_ship_right
386,поехать направо,move_ship_right
387,я пойти идти корабль направо,move_ship_right
388,идти мотор врубать на восток,move_ship_right
389,корабль по правый борт клетка к,move_ship_right
390,по правый палуба борт,move_ship_right
391,заводить мотор мы везти на восток,move_ship_right
392,корабль вправо на плазматическиймембрать,move_ship_right
393,корабль на вправо клетка,move_ship_right
394,я двигаться на корабельный направо,move_ship_right
395,на палуба борт правый борт,move_ship_right
396,корвет на клетка вправо,move_ship_right
397,двигаться крейсер вправо,move_ship_right
398,я поплыть судно на корабль направо,move_ship_right
399,право на катер,move_ship_right
400,я бежать направо корабль,move_ship_right
401,идти я направо пойти на корабль,move_ship_right
402,судно я двигаться вправо корабль,move_ship_right
403,ехать мы на восток,move_ship_right
404,мы ехать на востоко,move_ship_right
405,мы ехать запад на восток,move_ship_right
406,мы доезжать на восток,move_ship_right
407,мы ехать на восток,move_ship_right
408,мы на ехать восток,move_ship_right
409,запад мы ехать на восток,move_ship_right
410,мы ехать на север,move_ship_right
411,мы ехать поехать на восток,move_ship_right
412,мы ехать восток на,move_ship_right
413,уплыть влеввый,move_ship_left
414,на левый судно корабль,move_ship_left
415,плыть влеввыя,move_ship_left
416,мы поплыть плыть налево,move_ship_left
417,корвет влево на клетка,move_ship_left
418,я идти пойти налево корабль,move_ship_left
419,налево полечить на корабль я,move_ship_left
420,мотор заводить мы поехать на запад,move_ship_left
421,левый стояночныйтормоз,move_ship_left
422,судно корабль налево,move_ship_left
423,плыть поплыть влево,move_ship_left
424,подвинуть корабль влево,move_ship_left
425,влево двигаться я корабль,move_ship_left
426,я двигаться влево бриг,move_ship_left
427,на катер лодка налево,move_ship_left
428,уходить влево,move_ship_left
429,мы закачаться налево,move_ship_left
430,левый руль,move_ship_left
431,переваливаться корабль влево,move_ship_left
432,шаг влево от катер,move_ship_left
433,фрегат налево,move_ship_left
434,заводить мотор мы поехать на запад,move_ship_left
435,слева от корабль,move_ship_left
436,я двигаться на корабельный влево,move_ship_left
437,я налево отплывать,move_ship_left
438,шхуна налево,move_ship_left
439,педаль слева,move_ship_left
440,поплыть налево,move_ship_left
441,я идти корабль налево,move_ship_left
442,я двигаться влево на корабль,move_ship_left
443,налево корабль на,move_ship_left
444,идти мотор врубать на запад,move_ship_left
445,на борт левый катер,move_ship_left
446,влеввыя уплыть,move_ship_left
447,лететь налево,move_ship_left
448,я налево идти корабль,move_ship_left
449,шаг судно левый корабль,move_ship_left
450,я пойти на корабельный влево,move_ship_left
451,передвинить корабль в левый тотем,move_ship_left
452,я двигаться корабль влево,move_ship_left
453,я полечить на бриг налево,move_ship_left
454,мы поплыть налево,move_ship_left
455,плыть уплыть влево,move_ship_left
456,плыть налево,move_ship_left
457,приплывать влево,move_ship_left
458,мы выплывать на левый сторона,move_ship_left
459,я идти на корабль влево,move_ship_left
460,корабль полечить на я налево,move_ship_left
461,корабль влево клетка на,move_ship_left
462,повести корабль в левый сторона,move_ship_left
463,я полечить на шлюпка налево,move_ship_left
464,заводить мотор мы выезжать на запад,move_ship_left
465,на двигаться влево я корабль,move_ship_left
466,на борт левый борт,move_ship_left
467,на катер левый лодка,move_ship_left
468,я двигаться влево судно,move_ship_left
469,заводить поехать мы мотор на запад,move_ship_left
470,заводить мотор на ехать мы запад,move_ship_left
471,передвинуть переставлять корабль влево,move_ship_left
472,подвинуть корабль придвигать влево,move_ship_left
473,мы проплывать налево,move_ship_left
474,мы левый пойти,move_ship_left
475,налево отчаливать,move_ship_left
476,на пойти я корабль влево,move_ship_left
477,полагать корабль влево,move_ship_left
478,я идти фрегат налево,move_ship_left
479,нестись налево,move_ship_left
480,на левый борт,move_ship_left
481,заводить мотор мы ехать на юговосток,move_ship_left
482,шаг корабль от влево,move_ship_left
483,повесть корабль в судно левый сторона,move_ship_left
484,левый рулевой,move_ship_left
485,фрегат влево на клетка,move_ship_left
486,корабль клетка на влево,move_ship_left
487,я двигаться влево судно корабль,move_ship_left
488,я идти судно корабль налево,move_ship_left
489,передвинить корабль в вправо левый сторона,move_ship_left
490,я двигаться корабль на влево,move_ship_left
491,я идти бриг налево,move_ship_left
492,я налево отчалить,move_ship_left
493,передвигаться корабль влево,move_ship_left
494,налево плыть я,move_ship_left
495,уноситься влево,move_ship_left
496,я полечить на налево корабль,move_ship_left
497,эскадра налево,move_ship_left
498,судно я двигаться на корабль влево,move_ship_left
499,передвинуть корабль судно влево,move_ship_left
500,шаг левый корабль,move_ship_left
501,влево шаг от корабль,move_ship_left
502,отправлять влево,move_ship_left
503,слева корабль,move_ship_left
504,судно налево,move_ship_left
505,левый рулевой руль,move_ship_left
506,судно шаг влево от корабль,move_ship_left
507,налево поплыть мы,move_ship_left
508,левый шаг корабль,move_ship_left
509,я двигаться влево фрегат,move_ship_left
510,слева от судно корабль,move_ship_left
511,я полечить лечить налево на корабль,move_ship_left
512,корабль на эмбриональныйстволовый влево,move_ship_left
513,пароход налево,move_ship_left
514,улетать влево,move_ship_left
515,повесть корабль в сторона левый,move_ship_left
516,гащивать на запад,move_ship_left
517,поплыть я плыть налево,move_ship_left
518,отправляться поехать влево,move_ship_left
519,налево корабль,move_ship_left
520,левый штурвал,move_ship_left
521,я брести налево корабль,move_ship_left
522,я двигаться передвигаться влево на корабль,move_ship_left
523,корабль повесть в левый сторона,move_ship_left
524,корабль клеточный на клетка влево,move_ship_left
525,двигаться я на корабль влево,move_ship_left
526,я налево качаться,move_ship_left
527,левый поплыть на мы сторона,move_ship_left
528,лечить я полечить на корабль налево,move_ship_left
529,езжать на гуачжеу,move_ship_left
530,давать запад на давать,move_ship_left
531,корабль влево на флэча,move_ship_left
532,корабль судно на клетка влево,move_ship_left
533,влево уплыть,move_ship_left
534,я двигаться на фрегат влево,move_ship_left
535,заводить заводиться мотор мы ехать на запад,move_ship_left
536,давать надавать на запад,move_ship_left
537,я полечить судно на корабль налево,move_ship_left
538,я пойти влево корабль на,move_ship_left
539,рулевой левый рулевой,move_ship_left
540,давать васяпиисхадитество на запад,move_ship_left
541,шмурыгивать корабль влево,move_ship_left
542,руль левый,move_ship_left
543,корабль налево,move_ship_left
544,причаливать отчаливать налево,move_ship_left
545,получать давать давать на запад,move_ship_left
546,я идти судно налево корабль,move_ship_left
547,отчаливать налево,move_ship_left
548,на налево корабль,move_ship_left
549,поплыть плыть влево,move_ship_left
550,заводить мотор мы ехать на запад,move_ship_left
551,шаг влево от крейсер,move_ship_left
552,корабль судно слева,move_ship_left
553,на налево лодка,move_ship_left
554,передвигаться двигаться корабль влево,move_ship_left
555,мы выплывать налево,move_ship_left
556,я двигаться влево корабль на,move_ship_left
557,на плот налево,move_ship_left
558,я на влево двигаться корабль,move_ship_left
559,корабль на влево клетка,move_ship_left
560,на полечить налево я корабль,move_ship_left
561,мы плыть на левый сторона,move_ship_left
562,приплывать налево,move_ship_left
563,шашни мотор мы ехать на запад,move_ship_left
564,поплыть плыть налево,move_ship_left
565,влево корабль двигаться,move_ship_left
566,левый пойти мы,move_ship_left
567,рулевой левый руль,move_ship_left
568,езжать восток на запад,move_ship_left
569,врубать дизельный идти на запад,move_ship_left
570,идти мы пойти левый,move_ship_left
571,подвинуть корабль судно влево,move_ship_left
572,крейсер влево на клетка,move_ship_left
573,я поплыть плыть налево,move_ship_left
574,катер слева,move_ship_left
575,руль слева,move_ship_left
576,я двигаться на корабль судно влево,move_ship_left
577,мы понестись левый,move_ship_left
578,пришвартовываться налево,move_ship_left
579,я идти налево корабль,move_ship_left
580,передвинуть корабль переставлять влево,move_ship_left
581,мы пойти идти левый,move_ship_left
582,мы пойти левый,move_ship_left
583,я поплыть налево плыть,move_ship_left
584,передвинить корабль левый в сторона,move_ship_left
585,я идти пойти корабль налево,move_ship_left
586,проплывать влеввыя,move_ship_left
587,на левый лодка,move_ship_left
588,на левый низкобортный,move_ship_left
589,ездить на запад,move_ship_left
590,на лодка налево,move_ship_left
591,давать давать на запад,move_ship_left
592,я судно двигаться влево на корабль,move_ship_left
593,я корабль влево двигаться,move_ship_left
594,я двигаться влево корабль,move_ship_left
595,судно я двигаться влево корабль,move_ship_left
596,автобиографический корабль в левый сторона,move_ship_left
597,мы выплывать левый,move_ship_left
598,передвинить корабль в левый судно сторона,move_ship_left
599,корабль судно налево,move_ship_left
600,шлюпка налево,move_ship_left
601,судно я идти налево корабль,move_ship_left
602,я бежать корабль налево,move_ship_left
603,заводить мотор на поехать мы запад,move_ship_left
604,корабль левый шаг,move_ship_left
605,восток врубать мотор идти на запад,move_ship_left
606,судно повесть корабль в левый сторона,move_ship_left
607,плавать влево,move_ship_left
608,я двинуться на корабль влево,move_ship_left
609,я полечить налево на корабль,move_ship_left
610,мы поплыть левый,move_ship_left
611,влево корабль подвинуть,move_ship_left
612,сторона корабль в левый передвинить,move_ship_left
613,я полечить на крейсер налево,move_ship_left
614,шаг левый крейсер,move_ship_left
615,судно на корабль налево,move_ship_left
616,рулевой руль слева,move_ship_left
617,езжать на запад,move_ship_left
618,мы плыть поплыть налево,move_ship_left
619,на лодка катер налево,move_ship_left
620,на шлюпка налево,move_ship_left
621,мы двинуться левый,move_ship_left
622,катер на левый лодка,move_ship_left
623,я двигаться на судно корабль влево,move_ship_left
624,шаг влево от корабль,move_ship_left
625,плыть я налево,move_ship_left
626,на палуба борт левый борт,move_ship_left
627,я грузиться налево,move_ship_left
628,левый водитель,move_ship_left
629,шаг левый шажок корабль,move_ship_left
630,судно слева от корабль,move_ship_left
631,пододвигать корабль влево,move_ship_left
632,ехать мотор мы заводить на запад,move_ship_left
633,повесть левый в корабль сторона,move_ship_left
634,плывать влево,move_ship_left
635,я двинуться налево корабль,move_ship_left
636,на судно корабль налево,move_ship_left
637,я отплывать налево,move_ship_left
638,штурвал слева,move_ship_left
639,на левый катер,move_ship_left
640,уплыть плыть влеввыя,move_ship_left
641,запад на езжать,move_ship_left
642,я проплывать налево,move_ship_left
643,на левый шлюпка,move_ship_left
644,я двигаться на корабль влево,move_ship_left
645,уплыть плыть влево,move_ship_left
646,я судно пойти на корабль влево,move_ship_left
647,мы мотор заводить ехать на запад,move_ship_left
648,мы вправо поплыть на левый сторона,move_ship_left
649,левый педальакселератор,move_ship_left
650,заводить мотор мы поехать на ехать запад,move_ship_left
651,левый шофер,move_ship_left
652,корвет налево,move_ship_left
653,мы плыть поплыть на левый сторона,move_ship_left
654,влево корабль передвинуть,move_ship_left
655,мы идти пойти левый,move_ship_left
656,налево судно,move_ship_left
657,влево плыть,move_ship_left
658,корабль идти налево я,move_ship_left
659,врубать мотор пойти идти на запад,move_ship_left
660,корабль на клетка судно влево,move_ship_left
661,передвинуть катер влево,move_ship_left
662,шаг влево от судно,move_ship_left
663,на левый корабль,move_ship_left
664,на палуба левый борт,move_ship_left
665,уплыть влеввыя,move_ship_left
666,подвинуть судно влево,move_ship_left
667,заводить мотор мы заводиться ехать на запад,move_ship_left
668,шаг шажок левый корабль,move_ship_left
669,корабль влево на клетка,move_ship_left
670,я подвигаться влево на корабль,move_ship_left
671,заводить мотор мы поехать на заводиться запад,move_ship_left
672,корабль влево клеточный на клетка,move_ship_left
673,качаться влево,move_ship_left
674,корабль клеточный влево на клетка,move_ship_left
675,корабль идти я налево,move_ship_left
676,подвинуть влево корабль,move_ship_left
677,я отчалить налево,move_ship_left
678,давать на давать запад,move_ship_left
679,на влево корабль клетка,move_ship_left
680,врубать пятицилиндровый идти на запад,move_ship_left
681,на левый плоскодонка,move_ship_left
682,заводить двигатель мотор мы поехать на запад,move_ship_left
683,шаг влево судно от корабль,move_ship_left
684,я двигаться влево на крейсер,move_ship_left
685,лодка на налево,move_ship_left
686,отчалить я налево,move_ship_left
687,корабль слева,move_ship_left
688,двигаться корабль влево,move_ship_left
689,рулевой левый,move_ship_left
690,плыть уплыть влеввыя,move_ship_left
691,двигаться передвигаться корабль влево,move_ship_left
692,давать давать на юговосток,move_ship_left
693,я уплывать налево,move_ship_left
694,на левый весло,move_ship_left
695,я двигаться влево на судно корабль,move_ship_left
696,врубать мотор тащиться на запад,move_ship_left
697,на левый судно,move_ship_left
698,плыть мы поплыть левый,move_ship_left
699,корвет на клетка влево,move_ship_left
700,левый поплыть мы,move_ship_left
701,борт на левый борт,move_ship_left
702,я полечить налево судно на корабль,move_ship_left
703,корабль от слева,move_ship_left
704,мы плыть поплыть левый,move_ship_left
705,налево полечить я на корабль,move_ship_left
706,повесть вправо корабль в левый сторона,move_ship_left
707,слева корабль от,move_ship_left
708,повесть фрегат в левый сторона,move_ship_left
709,поплыть мы левый,move_ship_left
710,поплыть я налево плыть,move_ship_left
711,я идти корабль пойти налево,move_ship_left
712,я двигаться влево передвигаться корабль,move_ship_left
713,налево низкобортный,move_ship_left
714,слева от крейсер,move_ship_left
715,врубать мотор идти на запад,move_ship_left
716,я плестись налево корабль,move_ship_left
717,придвигать подвинуть корабль влево,move_ship_left
718,врубать мотор музона идти на запад,move_ship_left
719,двигаться эскадра влево,move_ship_left
720,я пойти на корабль влево,move_ship_left
721,мы уходить левый,move_ship_left
722,плыть мы поплыть налево,move_ship_left
723,шаг левый бриг,move_ship_left
724,на катер налево,move_ship_left
725,я налево на корабль полечить,move_ship_left
726,слева от корвет,move_ship_left
727,я больной налево на корабль,move_ship_left
728,проплывать налево,move_ship_left
729,корабельный налево,move_ship_left
730,на корабль левый,move_ship_left
731,корабль влево на клеточный клетка,move_ship_left
732,судно корабль слева,move_ship_left
733,полушаг левый корабль,move_ship_left
734,шаг левый эскадра,move_ship_left
735,налево судно корабль,move_ship_left
736,на левый палуба борт,move_ship_left
737,на борт левый,move_ship_left
738,я полечить налево на судно корабль,move_ship_left
739,я налево плыть,move_ship_left
740,я двинуться влево на корабль,move_ship_left
741,я поплыть налево,move_ship_left
742,корабль влево на перитонеальныйполость,move_ship_left
743,налево бриг,move_ship_left
744,корвет слева,move_ship_left
745,левый шлюпка,move_ship_left
746,передвинить корабль в левый сторона,move_ship_left
747,двигаться фрегат влево,move_ship_left
748,я налево плавать,move_ship_left
749,на борт левый трап,move_ship_left
750,передвинить корабль в левый вправо,move_ship_left
751,борт левый на,move_ship_left
752,поплыть мы на левый сторона,move_ship_left
753,заводить мотор мы съездить на запад,move_ship_left
754,судно налево корабль,move_ship_left
755,корабль влево на ,move_ship_left
756,левый рулевой рулевой,move_ship_left
757,я корабль на пойти влево,move_ship_left
758,отправляться влево,move_ship_left
759,я налево поплыть плыть,move_ship_left
760,мы поехать левый,move_ship_left
761,на корабль налево,move_ship_left
762,налево плыть,move_ship_left
763,я плыть налево,move_ship_left
764,слева от эскадра,move_ship_left
765,влево плывать,move_ship_left
766,влево отправляться,move_ship_left
767,я полечить налево на катер,move_ship_left
768,давать получать давать на запад,move_ship_left
769,низкобортный слева,move_ship_left
770,передвинуть корабль влево,move_ship_left
771,лететь влево,move_ship_left
772,плыть влево,move_ship_left
773,мотор врубать идти на запад,move_ship_left
774,езжать запад на,move_ship_left
775,на левый фальшборт,move_ship_left
776,слева руль,move_ship_left
777,передвинить катер в левый сторона,move_ship_left
778,мы на поплыть левый сторона,move_ship_left
779,слева судно от корабль,move_ship_left
780,судно я пойти на корабль влево,move_ship_left
781,передвинить корабль вправо в левый сторона,move_ship_left
782,руль рулевой слева,move_ship_left
783,двигаться корабль передвигаться влево,move_ship_left
784,корабль на влево,move_ship_left
785,рассказ корабль в левый сторона,move_ship_left
786,мы налево поплыть,move_ship_left
787,я отчалить причаливать налево,move_ship_left
788,уплыть влево,move_ship_left
789,я плыть поплыть налево,move_ship_left
790,налево я плыть,move_ship_left
791,борт борт левый на,move_ship_left
792,мы поплыть на левый сторона,move_ship_left
793,я полечить на корабль налево,move_ship_left
794,ехать влево,move_ship_left
795,приезжать влево,move_ship_left
796,восток заводить мотор мы ехать на запад,move_ship_left
797,плавать налево,move_ship_left
798,я пойти на судно корабль влево,move_ship_left
799,плыть поплыть налево,move_ship_left
800,я пойти на бриг влево,move_ship_left
801,я полечить налево на бриг,move_ship_left
802,на лодка левый,move_ship_left
803,корабль на клетка влево,move_ship_left
804,налево идти корабль я,move_ship_left
805,на корабельный налево,move_ship_left
806,корабль судно влево на клетка,move_ship_left
807,передвинить в корабль левый сторона,move_ship_left
808,мы понестись на левый сторона,move_ship_left
809,корабль двигаться влево,move_ship_left
810,машина слева,move_ship_left
811,шаг влево от судно корабль,move_ship_left
812,восток езжать на запад,move_ship_left
813,поплыть влево,move_ship_left
814,пляжный слева,move_ship_left
815,копакабан слева,move_ship_left
816,пляжный пляж слева,move_ship_left
817,пляж пляжный слева,move_ship_left
818,слева пляж,move_ship_left
819,пляж слева,move_ship_left
820,и судок как тупик,nothing
821,как рыба судак и тудак,nothing
822,по не говорить корабль правда летать,nothing
823,он вчера отчалить с лодка,nothing
824,шляпа нравиться я,nothing
825,я не знать что прошептать про лев,nothing
826,куданибудь теперь уезжать а,nothing
827,левша маленький правша правый,nothing
828,что про левый то сказать,nothing
829,по правда говорить не корабль летать,nothing
830,плавание являться олимпийский представляться спорт,nothing
831,я на рыбачить лодка,nothing
832,думать мы надо поехать куданибудь,nothing
833,не знать что подумать о лев,nothing
834,ты знать правый это быть каков,nothing
835,таурусый маленький правый,nothing
836,думать идти мы надо пойти куданибудь,nothing
837,знать ли право мем о левый и вы,nothing
838,тупик судок и как,nothing
839,левша правша чем маленький,nothing
840,вы поверять,nothing
841,знать мем про лев и право,nothing
842,не знать говорить что сказать о лев,nothing
843,вчера он покинуть бриг,nothing
844,как лопата и заступ ветчина,nothing
845,что ты хотеться сказать о левый,nothing
846,вчера он катер выйти на лодка,nothing
847,лопата ветчина и как,nothing
848,ты понимать знать каков это быть правый,nothing
849,я валерьянаалександрыч морепродукт,nothing
850,не знать что говорить сказать о лев,nothing
851,я хотеть поехать захотеть на корабль,nothing
852,покинуть он вчера корабль,nothing
853,я нравиться разбитый,nothing
854,она насчёт право это,nothing
855,честно откровенно говорить корабль летать не так,nothing
856,она касательно право насчёт это,nothing
857,левша маленький крошечный правый,nothing
858,как ветчина и грабли,nothing
859,он причаливать вчера отчалить с лодка,nothing
860,хотеть в круиз корабль на,nothing
861,вчера он расставаться корабль,nothing
862,спорт являться олимпийский плавание,nothing
863,как ветчина заступ и лопата,nothing
864,правда в тот что судно корабль не летать,nothing
865,право она насчёт это,nothing
866,не знать что сказать о толстой лев,nothing
867,как прислуга тупик и,nothing
868,а теперь увезти куданибудь,nothing
869,вчера он выйти на судно,nothing
870,говорить что ты хотеть сказать о левый,nothing
871,ты знать каков это быть правый,nothing
872,левша маленький чем правша,nothing
873,я чебурек нравиться,nothing
874,хотеть в круиз на фрегат,nothing
875,вы заблуждаться,nothing
876,вы заблуждаться ошибаться,nothing
877,вы понимать знать что такой быть правый,nothing
878,я рыбачить с лодка свесить направо удочка,nothing
879,на хотеть поехать в круиз я корабль,nothing
880,левша чрезвычайно правый,nothing
881,по сказать правда говорить корабль не летать,nothing
882,что ты иметь в под левый,nothing
883,левша правша менее правый,nothing
884,теперь а кудато уйти,nothing
885,хотеть морепродукт,nothing
886,я хотеть поехать в круиз на корабль,nothing
887,хотеть поехать на корабль в круиз,nothing
888,плавание вид олимпийский являться спорт,nothing
889,он право,nothing
890,оружейник менее правый,nothing
891,я рыбачить на катер,nothing
892,вы знать о левый и понимать правый,nothing
893,правда в тот что шлюпка не летать,nothing
894,плавание парусный это олимпийский спорт,nothing
895,право не ты,nothing
896,правша левша менее правый,nothing
897,я ловить рыба с корабль с удочка на правый рука,nothing
898,он с отчалить вчера лодка,nothing
899,поехать а теперь уезжать куданибудь,nothing
900,я хотеть морепродукт,nothing
901,что ты иметь в вид под форма левый,nothing
902,что про левый то спрашивать,nothing
903,что ты сказать хотеть о левый,nothing
904,желать морепродукт,nothing
905,хотеть захотеть морепродукт,nothing
906,корабль ловить рыба с я с удочка на правый рука,nothing
907,катер вчера он отплыть на лодка,nothing
908,мы думать надо пойти куданибудь,nothing
909,я рыбачить с лодка свесить удочка свешиваться направо,nothing
910,ты поверять,nothing
911,тупик прислуга и как,nothing
912,как нянька и тупик,nothing
913,я рыбачить на рыбалка лодка,nothing
914,осколок нравиться я,nothing
915,думать подумать мы надо пойти куданибудь,nothing
916,что ты приобретать в вид под левый,nothing
917,он позавчера отчалить с лодка,nothing
918,знать мем про тигр и право,nothing
919,я нравиться пальто,nothing
920,сейчас бы куданибудь уплыть,nothing
921,не известно что сказать о лев,nothing
922,захотеть хотеть морепродукт,nothing
923,поймать рыба я ловить с корабль и удочка на правый рука,nothing
924,плавание спорт олимпийский это,nothing
925,так честно корабль летать не если,nothing
926,на он отплыть вчера лодка,nothing
927,правда в тот что не корабль летать,nothing
928,сейчас плыть бы куданибудь уплыть,nothing
929,как судок тарелка и тупик,nothing
930,я рыбачить на плоскодонка,nothing
931,левый правый,nothing
932,левый ли вы мем о знать и право,nothing
933,как тупик и прислуга,nothing
934,думать мы надо пойти куданибудь,nothing
935,левый про что то сказать,nothing
936,правша левша маленький правый,nothing
937,правдивый корабль не летать,nothing
938,менее левша правый,nothing
939,как служанка и тупик,nothing
940,любить шашлык,nothing
941,если честно корабль агукук не так,nothing
942,он вчера причаливать отчалить с лодка,nothing
943,а теперь кудато уйти,nothing
944,а теперь выезжать куданибудь,nothing
945,ты ошибаться,nothing
946,рыба я ловить с корабль и удочка рука правый на,nothing
947,плавание паралимпийский это олимпийский спорт,nothing
948,что ты валерьянаалександрыч сказать о левый,nothing
949,презирать чебурек,nothing
950,вчера он выйти на лодка,nothing
951,ты знать сколько это быть правый,nothing
952,плавание олимпийский являться вид спорт,nothing
953,вы знать что такой быть правый,nothing
954,плавание форма это олимпийский вид спорт,nothing
955,она это насчёт право,nothing
956,как судок и тупичок,nothing
957,плавание это олимпийский спорт,nothing
958,он отчалить вчера с лодка,nothing
959,маленький левый правый,nothing
960,хотеть в круиз на корвет,nothing
961,я не знать что возражать про лев,nothing
962,иметь ты что в вид под левый,nothing
963,плавание атлетика являться олимпийский вид спорт,nothing
964,знать ли вы мем о левый и право,nothing
965,как грабли и ветчина,nothing
966,надо мы думать пойти куданибудь,nothing
967,догадываться мем про лев и право,nothing
968,судак как и тудак,nothing
969,убегать а теперь кудато уйти,nothing
970,плавание являться олимпийский вид представляться спорт,nothing
971,не знать что сказать о лев,nothing
972,хотеть я поехать в круиз на корабль,nothing
973,вы известно что такой быть правый,nothing
974,я рыбачить с лодка свесить рыбалка удочка направо,nothing
975,крошечный левый маленький правый,nothing
976,я нравиться обломок осколок,nothing
977,а теперь кудато отходить,nothing
978,я понравиться нравиться осколок,nothing
979,хотеть рыбопродукт морепродукт,nothing
980,морепродукт хотеть,nothing
981,левша правый маленький,nothing
982,я ловить щука с корабль с удочка на правый рука,nothing
983,как окуньплотва и тудак,nothing
984,левша маленький чем левша,nothing
985,корабль правда не летать,nothing
986,наверное мы должный кудато пойти,nothing
987,я рыбачить с лодка облокачиваться удочка направо,nothing
988,плавание являться олимпийский баскетбол,nothing
989,вы не правый,nothing
990,она право мол это,nothing
991,как рыба и тудак,nothing
992,подумать думать мы должный кудато пойти,nothing
993,правда лететь в тот что корабль не летать,nothing
994,что про говорить левый то сказать,nothing
995,спорт это олимпийский вид плавание,nothing
996,левша правша маленький чем правша,nothing
997,лодка отчалить вчера на он,nothing
998,валерьянаалександрыч морепродукт,nothing
999,как судак и тудак,nothing
1000,про мем знать лев и право,nothing
1001,знать о вы мем ли левый и право,nothing
1002,рыба я удилище ловить с корабль и удочка на правый рука,nothing
1003,пловец это олимпийский спорт,nothing
1004,левый крошечный маленький правый,nothing
1005,ты обманывать,nothing
1006,правда шлюпка не летать,nothing
1007,необходимо думать мы должный кудато пойти,nothing
1008,я рыбачить рыбалка с лодка свесить удочка направо,nothing
1009,я катер рыбачить на лодка,nothing
1010,правда в тот неправда что корабль не летать,nothing
1011,честно говорить корабль летать сказать не так,nothing
1012,плавание это олимпийский вид спорт,nothing
1013,вчера на отплыть он лодка,nothing
1014,думать мы должный кудато пойти,nothing
1015,я нравиться чебурек,nothing
1016,как лакей и тупик,nothing
1017,он отчалить вчера на причаливать лодка,nothing
1018,я ловить поймать рыба с корабль с удочка на правый рука,nothing
1019,я хотеть аквакультура,nothing
1020,вы ошибочный,nothing
1021,валерьянаалександрыч поехать на корабль в круиз,nothing
1022,по правда говорить корабль летать не,nothing
1023,она право дотолковаться это,nothing
1024,правда корабль судно не летать,nothing
1025,как тудак и судак,nothing
1026,я нравиться люлякебаб,nothing
1027,я нравиться шляпка,nothing
1028,он понедельник отчалить с лодка,nothing
1029,я понравиться нравиться шляпа,nothing
1030,как прислуга и тупиковый тупик,nothing
1031,по правда говорить корабль сказать не летать,nothing
1032,рыба как судак и тудак,nothing
1033,юрьюшка морепродукт,nothing
1034,нужно поехать на корабль в круиз,nothing
1035,как лопата и телятина,nothing
1036,рыба я ловить с корабль и удочка поймать на правый рука,nothing
1037,мой это право,nothing
1038,правда корабль не лететь летать,nothing
1039,рыба я ловить с корабль и удочка на правый рука,nothing
1040,я лодка с рыбачить свесить удочка направо,nothing
1041,я хотеть поехать корабль круиз на в,nothing
1042,что про левый то возражать,nothing
1043,он пришвартовываться вчера на лодка,nothing
1044,вы неизвестно что такой быть правый,nothing
1045,я хотеть захотеть поехать на корабль,nothing
1046,понимать знать ли вы мем о левый и право,nothing
1047,по правда говорить корабль не полёт,nothing
1048,плавание являться олимпийский спорт,nothing
1049,как прислуга и тупик,nothing
1050,обломок я нравиться осколок,nothing
1051,он вчера отплывать с лодка,nothing
1052,как лопата и ветчина,nothing
1053,как судок тупик и,nothing
1054,говорить честно корабль летать не так,nothing
1055,левша маленький правый,nothing
1056,что про левый сказать то,nothing
1057,морепродукт хотеть я,nothing
1058,право она,nothing
1059,я хотеть поехать на низкобортный,nothing
1060,я полюбина поехать в круиз на корабль,nothing
1061,вчера он покинуть фрегат,nothing
1062,вы знать что понимать такой быть правый,nothing
1063,я не что знать сказать про лев,nothing
1064,я хотеть на поехать корабль,nothing
1065,правый маленький левый,nothing
1066,знать мем толстой про лев и право,nothing
1067,любить обожать чебурек,nothing
1068,оружейник маленький правый,nothing
1069,а теперь ехать куданибудь,nothing
1070,вчера позавчера он покинуть корабль,nothing
1071,я рыбачить на лодка,nothing
1072,бы сейчас куданибудь уплыть,nothing
1073,я рыбалить на лодка,nothing
1074,левый ты хотеть сказать о что,nothing
1075,как судок и безвыходный,nothing
1076,плавание являться олимпийский вид хоккей,nothing
1077,я рыбачить рыбалка на лодка,nothing
1078,право он,nothing
1079,любить шашлык чебурек,nothing
1080,я ловить рыба поймать с корабль с удочка на правый рука,nothing
1081,что ты хотеть сказать о левый,nothing
1082,я хвалить осколок,nothing
1083,олимпийский это плавание вид спорт,nothing
1084,это олимпийский вид спорт,nothing
1085,как лопата ветчина и,nothing
1086,она право,nothing
1087,я хотеть судно поехать в круиз на корабль,nothing
1088,что про левый говорить то сказать,nothing
1089,плавание это олимпийский футбол,nothing
1090,правда в тот не корабль что летать,nothing
1091,вчера он корабль покинуть,nothing
1092,я не знать что сказать про лев,nothing
1093,как заступ ветчина и лопата,nothing
1094,мы думать должный кудато пойти,nothing
1095,вчера он позавчера отплыть на лодка,nothing
1096,и ветчина как лопата,nothing
1097,я приятно шляпа,nothing
1098,правда в тот что корабельный не летать,nothing
1099,вчера он позавчера выйти на лодка,nothing
1100,вчера он отплыть на шлюпка,nothing
1101,думать мы надо зайти куданибудь,nothing
1102,как сазан и тудак,nothing
1103,накануне он выйти на лодка,nothing
1104,а теперь поехать уезжать куданибудь,nothing
1105,думать мы пойти кудато должный,nothing
1106,право мой это,nothing
1107,что про левый то произносить,nothing
1108,честно корабль говорить летать не так,nothing
1109,хотеть я морепродукт,nothing
1110,ты каков знать это быть правый,nothing
1111,она право беспокоиться это,nothing
1112,сейчас куданибудь бы уплыть,nothing
1113,не вы правый,nothing
1114,что ты захотеть хотеть сказать о левый,nothing
1115,она право касательно насчёт это,nothing
1116,я нравиться понравиться осколок,nothing
1117,правый маленький левша,nothing
1118,если честно судно корабль летать не так,nothing
1119,чебурек любить,nothing
1120,я нравиться срикошетить,nothing
1121,левый премаленький правый,nothing
1122,как ветчина и лопата,nothing
1123,я рыбачить на судно,nothing
1124,катер он отчалить вчера на лодка,nothing
1125,отчалить вчера он с лодка,nothing
1126,она право на это,nothing
1127,левша игрушечный правый,nothing
1128,а теперь уезжать куданибудь,nothing
1129,не что знать сказать о лев,nothing
1130,плавание являться олимпийский парашютизм,nothing
1131,рыба я ловить с корабль правый удочка на и рука,nothing
1132,если откровенно честно корабль летать не так,nothing
1133,что ты иметь в вид иметься под левый,nothing
1134,я хотеть уезжать на корабль,nothing
1135,сказать знать что не о лев,nothing
1136,сейчас бы куданибудь уноситься,nothing
1137,что ты иметь под вид в левый,nothing
1138,хотеть ехать поехать на корабль в круиз,nothing
1139,что ты иметь левый вид под в,nothing
1140,как телятина и лопата,nothing
1141,левый маленький правый,nothing
1142,хотеть поехать круиз корабль в на,nothing
1143,думать мы пойти надо куданибудь,nothing
1144,по правда говорить корабль не летать,nothing
1145,правда корабль не летать,nothing
1146,катер я рыбачить на лодка,nothing
1147,по правда говорить корабль не плавать,nothing
1148,вчера он покинуть корабль,nothing
1149,как судок и тупик,nothing
1150,плавание являться солтлейка вид спорт,nothing
1151,атлетика плавание являться олимпийский спорт,nothing
1152,левый игрушечный правый,nothing
1153,вы помнить что такой быть правый,nothing
1154,левша менее правша правый,nothing
1155,рыба я ловля с корабль и удочка на правый рука,nothing
1156,правда говорить корабль летать не так,nothing
1157,не знать что сказать о николаевич,nothing
1158,не корабль правда летать,nothing
1159,плавание спорт олимпийский вид являться,nothing
1160,иметься что ты иметь в вид под левый,nothing
1161,вы и о левый знать правый,nothing
1162,хотеть кодтн,nothing
1163,правда корабль не полёт,nothing
1164,ненавидеть чебурек,nothing
1165,хотеть на круиз в корабль,nothing
1166,если честно корабль не летать так,nothing
1167,вчера он отплыть на баркас,nothing
1168,куданибудь бы сейчас уплыть,nothing
1169,плавание парусный являться олимпийский спорт,nothing
1170,вообщеть говорить корабль летать не так,nothing
1171,как судак и рыба тудак,nothing
1172,знать ли вы бакуловирус о левый и право,nothing
1173,левша правый менее,nothing
1174,рыбопродукт я хотеть морепродукт,nothing
1175,она право насчёт касательно это,nothing
1176,ошибаться ты,nothing
1177,я лев знать что сказать про не,nothing
1178,плыть сейчас бы куданибудь уплыть,nothing
1179,форма плавание это олимпийский вид спорт,nothing
1180,вчера он выйти лодка на,nothing
1181,я ловить рыба с корабль с удочка на правый судно рука,nothing
1182,вы знать что такой быть понимать правый,nothing
1183,я любить чебурек,nothing
1184,заблуждаться вы ошибаться,nothing
1185,что говорить ты хотеть сказать о левый,nothing
1186,а теперь кудато убегать уйти,nothing
1187,вы о знать левый и правый,nothing
1188,знать толстой мем про лев и право,nothing
1189,я хотеть поехать на корабль,nothing
1190,плавание это олимпийский атлетика спорт,nothing
1191,судно хотеть в круиз на корабль,nothing
1192,реюшка являться олимпийский спорт,nothing
1193,вы знать что правый быть такой,nothing
1194,летать говорить корабль честно не так,nothing
1195,плавание являться олимпийский вид парусный спорт,nothing
1196,что знать вы такой быть правый,nothing
1197,я не знать что сказать понимать про лев,nothing
1198,плавание это олимпийский вид парусный спорт,nothing
1199,я нравиться пирожок,nothing
1200,по правда говорить корабль лететь не летать,nothing
1201,честно говорить корабль летать не так,nothing
1202,я рыбачить с лодка качаться удочка направо,nothing
1203,думать мы должный необходимо кудато пойти,nothing
1204,шпанберг это олимпийский вид спорт,nothing
1205,а теперь уезжать поехать куданибудь,nothing
1206,и я ловить с корабль рыба удочка на правый рука,nothing
1207,как лопата и колбаса ветчина,nothing
1208,он отчалить позавчера вчера на лодка,nothing
1209,любить чебурек,nothing
1210,я нравиться брызги,nothing
1211,я ловить с рыба корабль с удочка на правый рука,nothing
1212,ты заблуждаться ошибаться,nothing
1213,если честно корабль летать не так,nothing
1214,а теперь кудато сбегать,nothing
1215,плавание это олимпиада спорт,nothing
1216,хотеть креветка,nothing
1217,право она на это,nothing
1218,вчера выйти он на лодка,nothing
1219,мореплавание это олимпийский вид спорт,nothing
1220,правда в тот что корабль не летать,nothing
1221,как и судак тудак,nothing
1222,она на право это,nothing
1223,как буженина и лопата,nothing
1224,правда корабль не судно летать,nothing
1225,кудато теперь а уйти,nothing
1226,вы думать о левый и правый,nothing
1227,знать мем про толстой лев и право,nothing
1228,я захотеть хотеть морепродукт,nothing
1229,я рыбалка рыбачить на лодка,nothing
1230,сейчас бы куданибудь поплыть,nothing
1231,это право мой,nothing
1232,вчера лодка выйти на он,nothing
1233,правда в тот корабль что не летать,nothing
1234,я не знать что сказать толстой про лев,nothing
1235,я нравиться осколок,nothing
1236,на знать ли вы мем о левый и право,nothing
1237,неужели мы должный кудато пойти,nothing
1238,правый левый,nothing
1239,в хотеть круиз на корабль,nothing
1240,я рыбачить свесить лодка с удочка направо,nothing
1241,левша менее правый,nothing
1242,я хотеть поехать корабль на,nothing
1243,я корабль поехать на хотеть,nothing
1244,право мем про лев и знать,nothing
1245,понравиться я нравиться шляпа,nothing
1246,нравиться я осколок,nothing
1247,являться плавание олимпийский спорт,nothing
1248,спорт это олимпийский плавание,nothing
1249,если искренне корабль летать не так,nothing
1250,я хотеть поехать в на корабль,nothing
1251,знать право про лев и мем,nothing
1252,лодка рыбачить на я,nothing
1253,что ты иметь в вид под левый,nothing
1254,я не знать что сказать про николаевич,nothing
1255,нравиться я чебурек,nothing
1256,знать мем про николаевич и право,nothing
1257,он отчалить вчера на лодка,nothing
1258,честно говорить корабль пролетать не так,nothing
1259,он лодка вчера на отчалить,nothing
1260,я рыбачить лодка на,nothing
1261,он пристать вчера на лодка,nothing
1262,правый знать каков это быть ты,nothing
1263,правша маленький чем левша,nothing
1264,о ты хотеть сказать что левый,nothing
1265,вы знать о левый и правый,nothing
1266,парусный являться олимпийский вид спорт,nothing
1267,вчера он отплыть на приплывать лодка,nothing
1268,ты знать узнавать это быть правый,nothing
1269,размышлять мы должный кудато пойти,nothing
1270,по правда говорить корабль не прилетать,nothing
1271,думать должный мы кудато пойти,nothing
1272,я лодка на рыбачить,nothing
1273,она право насчёт это,nothing
1274,не ты право,nothing
1275,плавание олимпийский это вид спорт,nothing
1276,ветчина лопата и как,nothing
1277,рыба я ловить с корабль и удилище на правый рука,nothing
1278,что ты иметь в оквдпгин под левый,nothing
1279,вчера он отплыть на лодка,nothing
1280,как прислуга и горничная тупик,nothing
1281,судно вчера он покинуть корабль,nothing
1282,ты знать зависеть это быть правый,nothing
1283,я понравиться нравиться чебурек,nothing
1284,я не знать что понимать сказать про лев,nothing
1285,я приятно осколок,nothing
1286,хотеть поехать на в корабль круиз,nothing
1287,а убегать теперь кудато уйти,nothing
1288,я нравиться шляпа,nothing
1289,вы знать левый о и правый,nothing
1290,я не знать что лев про сказать,nothing
1291,хотеть в круизный на корабль,nothing
1292,вчера он отплыть на судно,nothing
1293,если честно не летать корабль так,nothing
1294,хотеть в круиз на корабль,nothing
1295,правда в тот что бриг не летать,nothing
1296,полюбина поехать на корабль в круиз,nothing
1297,аглицкий маленький чем правша,nothing
1298,он вчера отчалить причаливать с лодка,nothing
1299,заблуждаться ты ошибаться,nothing
1300,левша маленький правша чем правша,nothing
1301,пистолет маленький чем правша,nothing
1302,на право она это,nothing
1303,я рыбачить с лодка свесить удочка направо,nothing
1304,хотеть в круиз судно на корабль,nothing
1305,ошибаться вы,nothing
1306,ехать я хотеть поехать в круиз на корабль,nothing
1307,что ты хотеть промолвить о левый,nothing
1308,я хотеть поехать на шлюпка,nothing
1309,я хотеть повезти в круиз на корабль,nothing
1310,вчера он выйти на шлюпка,nothing
1311,знать ли вы мем о на левый и право,nothing
1312,нравиться я шляпа,nothing
1313,я нравиться разлетаться,nothing
1314,ты не право,nothing
1315,я шашлык нравиться чебурек,nothing
1316,тарелка как судок и тупик,nothing
1317,я порыбачить с лодка свесить удочка направо,nothing
1318,а куданибудь уезжать теперь,nothing
1319,а теперь кудато уносить,nothing
1320,рыба я ловить с катер и удочка на правый рука,nothing
1321,я ловить рыба с эскадра с удочка на правый рука,nothing
1322,вчера он выйти на позавчера лодка,nothing
1323,вы правый не,nothing
1324,плавание являться олимпийский вид спорт,nothing
1325,знать ли вы о левый и право,nothing
1326,как горничная прислуга и тупик,nothing
1327,я осколок нравиться,nothing
1328,как колбаса ветчина и лопата,nothing
1329,это мой право,nothing
1330,что знать не сказать о лев,nothing
1331,левый маленький крошечный правый,nothing
1332,я обломок нравиться осколок,nothing
1333,вы знать что быть такой правый,nothing
1334,как топор и ветчина,nothing
1335,ты знать понимать каков это быть правый,nothing
1336,я рыбачить на ялик,nothing
1337,левша крошечный маленький чем правша,nothing
1338,болеславброниславич ли вы мем о левый и право,nothing
1339,думать мы надо побрести куданибудь,nothing
1340,ты ошибка,nothing
1341,я ловиться рыба с корабль с удочка на правый рука,nothing
1342,олимпийский являться плавание спорт,nothing
1343,вы неизвестно о левый и правый,nothing
1344,вы ошибаться,nothing
1345,вы знать понимать о левый и правый,nothing
1346,вчера судно он покинуть корабль,nothing
1347,я хотеть попасть захотеть на корабль,nothing
1348,я юрьюшка попасть на корабль,nothing
1349,на хотеть попасть я корабль,nothing
1350,я хотеть попасть на захотеть корабль,nothing
1351,хотеть я попасть на корабль,nothing
1352,я хотеть судно попасть на корабль,nothing
1353,я хотеть попасть на катер,nothing
1354,я хотеть корабль на попасть,nothing
1355,я хотеть очутиться на корабль,nothing
1356,я хотеть попасть на корабль,nothing
